Date,Views,Subscribers gained
2015-04-06,0,0
2015-04-07,0,0
2015-04-08,0,0
2015-04-09,0,0
2015-04-10,0,0
2015-04-11,0,0
2015-04-12,0,0
2015-04-13,0,0
2015-04-14,0,0
2015-04-15,0,0
2015-04-16,0,0
2015-04-17,0,0
2015-04-18,0,0
2015-04-19,0,0
2015-04-20,0,0
2015-04-21,0,0
2015-04-22,0,0
2015-04-23,0,0
2015-04-24,0,0
2015-04-25,0,0
2015-04-26,0,0
2015-04-27,0,0
2015-04-28,0,0
2015-04-29,0,0
2015-04-30,0,0
2015-05-01,0,0
2015-05-02,0,0
2015-05-03,0,0
2015-05-04,0,0
2015-05-05,0,0
2015-05-06,0,0
2015-05-07,0,0
2015-05-08,0,0
2015-05-09,0,0
2015-05-10,0,0
2015-05-11,0,0
2015-05-12,0,0
2015-05-13,0,0
2015-05-14,0,0
2015-05-15,0,0
2015-05-16,0,0
2015-05-17,0,0
2015-05-18,0,0
2015-05-19,0,0
2015-05-20,0,0
2015-05-21,0,0
2015-05-22,0,0
2015-05-23,0,0
2015-05-24,0,0
2015-05-25,0,0
2015-05-26,0,0
2015-05-27,0,0
2015-05-28,0,0
2015-05-29,0,0
2015-05-30,0,0
2015-05-31,0,0
2015-06-01,0,0
2015-06-02,0,0
2015-06-03,0,0
2015-06-04,0,0
2015-06-05,0,0
2015-06-06,0,0
2015-06-07,0,0
2015-06-08,0,0
2015-06-09,0,0
2015-06-10,0,0
2015-06-11,0,0
2015-06-12,0,0
2015-06-13,0,0
2015-06-14,0,0
2015-06-15,0,0
2015-06-16,0,0
2015-06-17,0,0
2015-06-18,0,0
2015-06-19,0,0
2015-06-20,0,0
2015-06-21,0,0
2015-06-22,0,0
2015-06-23,0,3
2015-06-24,0,0
2015-06-25,0,1
2015-06-26,0,0
2015-06-27,0,0
2015-06-28,0,0
2015-06-29,0,0
2015-06-30,0,0
2015-07-01,0,0
2015-07-02,0,0
2015-07-03,0,0
2015-07-04,0,0
2015-07-05,0,0
2015-07-06,0,0
2015-07-07,0,0
2015-07-08,0,0
2015-07-09,0,0
2015-07-10,0,0
2015-07-11,0,0
2015-07-12,0,0
2015-07-13,0,0
2015-07-14,0,0
2015-07-15,0,0
2015-07-16,0,0
2015-07-17,0,0
2015-07-18,0,0
2015-07-19,0,0
2015-07-20,0,0
2015-07-21,0,0
2015-07-22,0,0
2015-07-23,0,0
2015-07-24,0,0
2015-07-25,0,0
2015-07-26,0,0
2015-07-27,0,0
2015-07-28,0,0
2015-07-29,0,0
2015-07-30,0,0
2015-07-31,0,0
2015-08-01,0,0
2015-08-02,0,0
2015-08-03,0,0
2015-08-04,0,0
2015-08-05,0,0
2015-08-06,0,0
2015-08-07,0,0
2015-08-08,0,0
2015-08-09,0,0
2015-08-10,0,0
2015-08-11,0,0
2015-08-12,0,0
2015-08-13,0,1
2015-08-14,0,0
2015-08-15,0,0
2015-08-16,0,0
2015-08-17,0,0
2015-08-18,0,0
2015-08-19,0,0
2015-08-20,12,0
2015-08-21,14,2
2015-08-22,16,4
2015-08-23,14,1
2015-08-24,11,0
2015-08-25,20,1
2015-08-26,35,0
2015-08-27,2,0
2015-08-28,2,0
2015-08-29,26,1
2015-08-30,20,2
2015-08-31,4,0
2015-09-01,11,0
2015-09-02,11,0
2015-09-03,4,1
2015-09-04,18,1
2015-09-05,3,0
2015-09-06,10,0
2015-09-07,0,5
2015-09-08,12,0
2015-09-09,3,1
2015-09-10,12,2
2015-09-11,5,0
2015-09-12,15,0
2015-09-13,4,0
2015-09-14,2,0
2015-09-15,3,0
2015-09-16,0,0
2015-09-17,1,0
2015-09-18,4,0
2015-09-19,4,0
2015-09-20,4,0
2015-09-21,7,0
2015-09-22,3,0
2015-09-23,1,0
2015-09-24,2,0
2015-09-25,4,0
2015-09-26,5,0
2015-09-27,1,0
2015-09-28,0,0
2015-09-29,0,0
2015-09-30,5,0
2015-10-01,1,0
2015-10-02,6,0
2015-10-03,0,0
2015-10-04,0,0
2015-10-05,2,0
2015-10-06,9,0
2015-10-07,11,0
2015-10-08,11,0
2015-10-09,7,0
2015-10-10,13,0
2015-10-11,5,0
2015-10-12,13,0
2015-10-13,5,0
2015-10-14,3,0
2015-10-15,19,2
2015-10-16,17,3
2015-10-17,16,0
2015-10-18,13,0
2015-10-19,20,1
2015-10-20,18,0
2015-10-21,18,0
2015-10-22,148,0
2015-10-23,377,0
2015-10-24,82,0
2015-10-25,33,0
2015-10-26,17,0
2015-10-27,17,0
2015-10-28,5,0
2015-10-29,8,0
2015-10-30,5,0
2015-10-31,2,0
2015-11-01,6,0
2015-11-02,1,0
2015-11-03,14,0
2015-11-04,8,0
2015-11-05,4,0
2015-11-06,4,0
2015-11-07,2,0
2015-11-08,8,0
2015-11-09,16,0
2015-11-10,2,0
2015-11-11,9,2
2015-11-12,4,0
2015-11-13,1,0
2015-11-14,22,0
2015-11-15,30,0
2015-11-16,3,0
2015-11-17,1,0
2015-11-18,11,0
2015-11-19,3,0
2015-11-20,7,0
2015-11-21,8,0
2015-11-22,8,0
2015-11-23,3,0
2015-11-24,1,0
2015-11-25,0,0
2015-11-26,5,0
2015-11-27,1,0
2015-11-28,2,0
2015-11-29,0,0
2015-11-30,1,0
2015-12-01,1,0
2015-12-02,0,0
2015-12-03,2,0
2015-12-04,10,0
2015-12-05,6,0
2015-12-06,4,0
2015-12-07,3,0
2015-12-08,16,0
2015-12-09,15,0
2015-12-10,11,0
2015-12-11,4,0
2015-12-12,5,0
2015-12-13,4,0
2015-12-14,3,0
2015-12-15,6,0
2015-12-16,5,0
2015-12-17,2,0
2015-12-18,5,0
2015-12-19,7,0
2015-12-20,2,0
2015-12-21,4,0
2015-12-22,1,0
2015-12-23,0,0
2015-12-24,0,0
2015-12-25,3,0
2015-12-26,5,0
2015-12-27,3,0
2015-12-28,3,0
2015-12-29,2,0
2015-12-30,0,0
2015-12-31,0,0
2016-01-01,4,0
2016-01-02,2,0
2016-01-03,1,0
2016-01-04,2,0
2016-01-05,1,0
2016-01-06,12,0
2016-01-07,1,0
2016-01-08,1,0
2016-01-09,5,0
2016-01-10,5,1
2016-01-11,2,0
2016-01-12,4,1
2016-01-13,3,0
2016-01-14,2,0
2016-01-15,5,0
2016-01-16,5,0
2016-01-17,3,0
2016-01-18,3,0
2016-01-19,2,0
2016-01-20,0,0
2016-01-21,5,0
2016-01-22,2,0
2016-01-23,6,0
2016-01-24,4,0
2016-01-25,2,0
2016-01-26,1,0
2016-01-27,2,0
2016-01-28,0,0
2016-01-29,3,0
2016-01-30,8,0
2016-01-31,5,0
2016-02-01,16,0
2016-02-02,6,1
2016-02-03,4,0
2016-02-04,3,0
2016-02-05,6,0
2016-02-06,6,0
2016-02-07,1,0
2016-02-08,1,0
2016-02-09,4,0
2016-02-10,1,0
2016-02-11,1,0
2016-02-12,0,0
2016-02-13,3,0
2016-02-14,4,0
2016-02-15,12,0
2016-02-16,3,1
2016-02-17,2,0
2016-02-18,4,0
2016-02-19,16,1
2016-02-20,12,0
2016-02-21,8,0
2016-02-22,1,0
2016-02-23,0,0
2016-02-24,0,0
2016-02-25,2,1
2016-02-26,1,0
2016-02-27,5,0
2016-02-28,3,0
2016-02-29,4,0
2016-03-01,7,0
2016-03-02,1,0
2016-03-03,1,0
2016-03-04,3,0
2016-03-05,1,0
2016-03-06,5,0
2016-03-07,13,2
2016-03-08,3,1
2016-03-09,12,0
2016-03-10,1,0
2016-03-11,3,1
2016-03-12,8,0
2016-03-13,7,0
2016-03-14,36,7
2016-03-15,15,2
2016-03-16,9,0
2016-03-17,4,6
2016-03-18,4,0
2016-03-19,5,0
2016-03-20,0,0
2016-03-21,13,0
2016-03-22,6,0
2016-03-23,7,0
2016-03-24,3,1
2016-03-25,5,0
2016-03-26,1,0
2016-03-27,7,1
2016-03-28,6,0
2016-03-29,0,0
2016-03-30,2,0
2016-03-31,5,0
2016-04-01,7,0
2016-04-02,2,1
2016-04-03,4,0
2016-04-04,1,1
2016-04-05,21,0
2016-04-06,15,0
2016-04-07,4,1
2016-04-08,9,0
2016-04-09,3,0
2016-04-10,4,0
2016-04-11,0,0
2016-04-12,4,0
2016-04-13,0,0
2016-04-14,3,0
2016-04-15,1,0
2016-04-16,9,0
2016-04-17,7,0
2016-04-18,8,0
2016-04-19,1,0
2016-04-20,2,0
2016-04-21,31,0
2016-04-22,13,0
2016-04-23,9,0
2016-04-24,1,0
2016-04-25,6,0
2016-04-26,0,0
2016-04-27,4,0
2016-04-28,135,0
2016-04-29,13,0
2016-04-30,2,0
2016-05-01,7,0
2016-05-02,9,0
2016-05-03,4,1
2016-05-04,4,1
2016-05-05,3,0
2016-05-06,2,0
2016-05-07,8,0
2016-05-08,2,0
2016-05-09,8,1
2016-05-10,38,0
2016-05-11,6,0
2016-05-12,3,0
2016-05-13,4,0
2016-05-14,5,0
2016-05-15,2,0
2016-05-16,2,0
2016-05-17,9,0
2016-05-18,11,0
2016-05-19,3,0
2016-05-20,2,0
2016-05-21,6,0
2016-05-22,7,0
2016-05-23,4,0
2016-05-24,7,0
2016-05-25,3,0
2016-05-26,1,0
2016-05-27,5,1
2016-05-28,5,0
2016-05-29,2,0
2016-05-30,7,0
2016-05-31,4,0
2016-06-01,4,0
2016-06-02,2,0
2016-06-03,4,1
2016-06-04,4,0
2016-06-05,2,0
2016-06-06,3,0
2016-06-07,1,0
2016-06-08,3,0
2016-06-09,1,0
2016-06-10,3,0
2016-06-11,4,0
2016-06-12,3,0
2016-06-13,26,0
2016-06-14,20,0
2016-06-15,7,3
2016-06-16,33,29
2016-06-17,321,8
2016-06-18,81,10
2016-06-19,47,1
2016-06-20,26,0
2016-06-21,35,0
2016-06-22,17,0
2016-06-23,9,0
2016-06-24,17,0
2016-06-25,12,0
2016-06-26,7,4
2016-06-27,20,0
2016-06-28,15,0
2016-06-29,10,0
2016-06-30,15,0
2016-07-01,10,0
2016-07-02,8,0
2016-07-03,10,0
2016-07-04,20,0
2016-07-05,16,0
2016-07-06,15,0
2016-07-07,16,0
2016-07-08,4,0
2016-07-09,14,1
2016-07-10,19,0
2016-07-11,29,0
2016-07-12,32,0
2016-07-13,16,0
2016-07-14,26,1
2016-07-15,46,0
2016-07-16,15,0
2016-07-17,15,0
2016-07-18,18,0
2016-07-19,9,0
2016-07-20,8,0
2016-07-21,14,0
2016-07-22,15,0
2016-07-23,16,0
2016-07-24,19,1
2016-07-25,11,0
2016-07-26,11,0
2016-07-27,19,0
2016-07-28,22,1
2016-07-29,10,1
2016-07-30,12,0
2016-07-31,16,0
2016-08-01,10,0
2016-08-02,27,0
2016-08-03,6,0
2016-08-04,8,0
2016-08-05,12,1
2016-08-06,16,0
2016-08-07,11,0
2016-08-08,11,0
2016-08-09,11,0
2016-08-10,12,0
2016-08-11,24,0
2016-08-12,7,0
2016-08-13,18,0
2016-08-14,18,0
2016-08-15,19,0
2016-08-16,21,0
2016-08-17,8,0
2016-08-18,8,0
2016-08-19,58,1
2016-08-20,83,0
2016-08-21,77,13
2016-08-22,27,3
2016-08-23,23,1
2016-08-24,11,0
2016-08-25,12,0
2016-08-26,29,12
2016-08-27,8,0
2016-08-28,15,0
2016-08-29,38,0
2016-08-30,22,0
2016-08-31,16,0
2016-09-01,18,0
2016-09-02,17,1
2016-09-03,21,0
2016-09-04,13,0
2016-09-05,14,0
2016-09-06,9,0
2016-09-07,8,0
2016-09-08,23,0
2016-09-09,9,1
2016-09-10,35,1
2016-09-11,26,0
2016-09-12,12,0
2016-09-13,12,0
2016-09-14,9,0
2016-09-15,16,0
2016-09-16,18,0
2016-09-17,17,1
2016-09-18,22,0
2016-09-19,14,0
2016-09-20,15,0
2016-09-21,23,0
2016-09-22,31,0
2016-09-23,12,0
2016-09-24,24,0
2016-09-25,25,1
2016-09-26,15,0
2016-09-27,21,0
2016-09-28,10,0
2016-09-29,14,0
2016-09-30,16,0
2016-10-01,22,0
2016-10-02,34,10
2016-10-03,21,0
2016-10-04,20,0
2016-10-05,10,0
2016-10-06,13,0
2016-10-07,20,1
2016-10-08,14,0
2016-10-09,15,0
2016-10-10,10,0
2016-10-11,11,0
2016-10-12,15,0
2016-10-13,15,0
2016-10-14,9,0
2016-10-15,21,0
2016-10-16,21,0
2016-10-17,35,1
2016-10-18,15,0
2016-10-19,19,0
2016-10-20,25,0
2016-10-21,11,0
2016-10-22,20,1
2016-10-23,15,0
2016-10-24,12,0
2016-10-25,18,0
2016-10-26,21,0
2016-10-27,24,0
2016-10-28,34,1
2016-10-29,30,0
2016-10-30,46,0
2016-10-31,25,0
2016-11-01,631,1
2016-11-02,1163,11
2016-11-03,654,2
2016-11-04,258,0
2016-11-05,208,1
2016-11-06,194,0
2016-11-07,96,0
2016-11-08,93,1
2016-11-09,74,1
2016-11-10,71,0
2016-11-11,95,1
2016-11-12,104,0
2016-11-13,122,0
2016-11-14,127,1
2016-11-15,78,0
2016-11-16,92,0
2016-11-17,76,1
2016-11-18,83,0
2016-11-19,95,0
2016-11-20,107,1
2016-11-21,68,0
2016-11-22,69,0
2016-11-23,371,1
2016-11-24,294,2
2016-11-25,293,1
2016-11-26,251,0
2016-11-27,408,2
2016-11-28,446,1
2016-11-29,298,0
2016-11-30,206,0
2016-12-01,166,1
2016-12-02,169,0
2016-12-03,214,1
2016-12-04,175,2
2016-12-05,97,0
2016-12-06,110,0
2016-12-07,102,1
2016-12-08,260,0
2016-12-09,204,2
2016-12-10,155,1
2016-12-11,168,0
2016-12-12,129,0
2016-12-13,132,1
2016-12-14,92,0
2016-12-15,88,0
2016-12-16,112,0
2016-12-17,144,0
2016-12-18,155,0
2016-12-19,120,0
2016-12-20,131,0
2016-12-21,126,0
2016-12-22,129,0
2016-12-23,144,0
2016-12-24,129,0
2016-12-25,179,0
2016-12-26,162,0
2016-12-27,175,2
2016-12-28,125,1
2016-12-29,156,0
2016-12-30,126,1
2016-12-31,104,0
2017-01-01,111,0
2017-01-02,142,1
2017-01-03,122,0
2017-01-04,121,0
2017-01-05,116,0
2017-01-06,168,0
2017-01-07,145,2
2017-01-08,124,0
2017-01-09,115,0
2017-01-10,75,0
2017-01-11,86,0
2017-01-12,83,0
2017-01-13,75,0
2017-01-14,113,0
2017-01-15,127,0
2017-01-16,101,0
2017-01-17,132,2
2017-01-18,88,0
2017-01-19,73,0
2017-01-20,77,0
2017-01-21,134,0
2017-01-22,131,1
2017-01-23,80,0
2017-01-24,71,0
2017-01-25,69,0
2017-01-26,67,0
2017-01-27,55,0
2017-01-28,93,1
2017-01-29,83,1
2017-01-30,64,0
2017-01-31,48,0
2017-02-01,69,0
2017-02-02,58,0
2017-02-03,72,0
2017-02-04,89,0
2017-02-05,93,1
2017-02-06,60,0
2017-02-07,34,0
2017-02-08,49,0
2017-02-09,39,1
2017-02-10,52,0
2017-02-11,56,0
2017-02-12,52,0
2017-02-13,37,0
2017-02-14,43,0
2017-02-15,44,0
2017-02-16,48,2
2017-02-17,37,0
2017-02-18,50,0
2017-02-19,32,0
2017-02-20,45,2
2017-02-21,42,0
2017-02-22,39,0
2017-02-23,47,0
2017-02-24,38,0
2017-02-25,46,0
2017-02-26,41,0
2017-02-27,26,0
2017-02-28,48,0
2017-03-01,26,0
2017-03-02,35,0
2017-03-03,25,0
2017-03-04,45,0
2017-03-05,49,0
2017-03-06,32,0
2017-03-07,35,0
2017-03-08,164,0
2017-03-09,168,1
2017-03-10,373,3
2017-03-11,136,0
2017-03-12,87,0
2017-03-13,55,0
2017-03-14,72,0
2017-03-15,68,0
2017-03-16,46,0
2017-03-17,60,0
2017-03-18,61,0
2017-03-19,69,0
2017-03-20,50,0
2017-03-21,42,1
2017-03-22,56,0
2017-03-23,44,0
2017-03-24,59,0
2017-03-25,67,0
2017-03-26,76,0
2017-03-27,47,0
2017-03-28,51,0
2017-03-29,52,0
2017-03-30,58,0
2017-03-31,50,0
2017-04-01,74,0
2017-04-02,90,1
2017-04-03,59,0
2017-04-04,56,0
2017-04-05,64,0
2017-04-06,70,1
2017-04-07,75,0
2017-04-08,77,0
2017-04-09,67,0
2017-04-10,70,0
2017-04-11,78,0
2017-04-12,59,1
2017-04-13,67,0
2017-04-14,61,0
2017-04-15,71,0
2017-04-16,79,0
2017-04-17,68,0
2017-04-18,68,0
2017-04-19,65,0
2017-04-20,56,0
2017-04-21,54,0
2017-04-22,65,0
2017-04-23,64,0
2017-04-24,51,0
2017-04-25,53,0
2017-04-26,71,1
2017-04-27,71,0
2017-04-28,62,0
2017-04-29,82,0
2017-04-30,87,0
2017-05-01,49,0
2017-05-02,46,0
2017-05-03,59,0
2017-05-04,47,0
2017-05-05,62,0
2017-05-06,97,0
2017-05-07,75,0
2017-05-08,63,1
2017-05-09,56,0
2017-05-10,61,0
2017-05-11,58,1
2017-05-12,63,0
2017-05-13,92,0
2017-05-14,56,0
2017-05-15,64,0
2017-05-16,46,0
2017-05-17,51,0
2017-05-18,65,0
2017-05-19,62,0
2017-05-20,81,0
2017-05-21,82,1
2017-05-22,56,0
2017-05-23,73,0
2017-05-24,61,0
2017-05-25,64,0
2017-05-26,73,0
2017-05-27,67,0
2017-05-28,76,0
2017-05-29,81,0
2017-05-30,64,0
2017-05-31,57,0
2017-06-01,80,1
2017-06-02,80,1
2017-06-03,86,0
2017-06-04,96,0
2017-06-05,56,0
2017-06-06,82,0
2017-06-07,66,0
2017-06-08,74,0
2017-06-09,104,0
2017-06-10,69,1
2017-06-11,83,1
2017-06-12,79,0
2017-06-13,62,0
2017-06-14,66,0
2017-06-15,58,0
2017-06-16,61,0
2017-06-17,95,0
2017-06-18,105,0
2017-06-19,79,0
2017-06-20,79,15
2017-06-21,72,14
2017-06-22,73,10
2017-06-23,88,5
2017-06-24,93,0
2017-06-25,100,0
2017-06-26,98,38
2017-06-27,97,33
2017-06-28,96,30
2017-06-29,94,35
2017-06-30,102,39
2017-07-01,85,10
2017-07-02,96,8
2017-07-03,77,42
2017-07-04,77,8
2017-07-05,75,0
2017-07-06,68,0
2017-07-07,94,1
2017-07-08,89,0
2017-07-09,91,0
2017-07-10,81,0
2017-07-11,73,8
2017-07-12,72,0
2017-07-13,92,0
2017-07-14,91,3
2017-07-15,94,0
2017-07-16,85,0
2017-07-17,69,1
2017-07-18,73,0
2017-07-19,80,1
2017-07-20,82,0
2017-07-21,73,0
2017-07-22,94,0
2017-07-23,95,0
2017-07-24,83,0
2017-07-25,86,0
2017-07-26,79,0
2017-07-27,66,7
2017-07-28,100,0
2017-07-29,105,4
2017-07-30,90,0
2017-07-31,88,0
2017-08-01,76,8
2017-08-02,70,0
2017-08-03,62,0
2017-08-04,71,1
2017-08-05,89,1
2017-08-06,110,20
2017-08-07,97,10
2017-08-08,96,0
2017-08-09,72,0
2017-08-10,62,6
2017-08-11,64,0
2017-08-12,79,0
2017-08-13,76,0
2017-08-14,71,0
2017-08-15,71,0
2017-08-16,79,0
2017-08-17,86,0
2017-08-18,77,0
2017-08-19,86,0
2017-08-20,64,0
2017-08-21,73,0
2017-08-22,67,1
2017-08-23,76,0
2017-08-24,86,0
2017-08-25,78,0
2017-08-26,104,0
2017-08-27,87,0
2017-08-28,73,0
2017-08-29,83,0
2017-08-30,52,0
2017-08-31,72,1
2017-09-01,80,0
2017-09-02,82,0
2017-09-03,86,0
2017-09-04,79,0
2017-09-05,72,0
2017-09-06,74,0
2017-09-07,54,0
2017-09-08,81,0
2017-09-09,106,0
2017-09-10,124,0
2017-09-11,72,0
2017-09-12,81,0
2017-09-13,77,0
2017-09-14,63,0
2017-09-15,78,0
2017-09-16,86,0
2017-09-17,104,0
2017-09-18,74,0
2017-09-19,58,0
2017-09-20,48,0
2017-09-21,56,0
2017-09-22,73,0
2017-09-23,84,0
2017-09-24,86,1
2017-09-25,53,0
2017-09-26,62,0
2017-09-27,48,0
2017-09-28,54,0
2017-09-29,56,0
2017-09-30,89,0
2017-10-01,89,0
2017-10-02,56,0
2017-10-03,40,0
2017-10-04,66,1
2017-10-05,61,0
2017-10-06,69,1
2017-10-07,105,23
2017-10-08,125,0
2017-10-09,91,0
2017-10-10,54,0
2017-10-11,54,0
2017-10-12,70,0
2017-10-13,77,1
2017-10-14,83,0
2017-10-15,57,1
2017-10-16,50,0
2017-10-17,53,0
2017-10-18,61,0
2017-10-19,52,0
2017-10-20,67,0
2017-10-21,89,0
2017-10-22,89,0
2017-10-23,65,0
2017-10-24,48,0
2017-10-25,65,0
2017-10-26,39,0
2017-10-27,69,0
2017-10-28,57,0
2017-10-29,73,0
2017-10-30,49,0
2017-10-31,55,0
2017-11-01,38,0
2017-11-02,49,0
2017-11-03,55,0
2017-11-04,95,0
2017-11-05,95,0
2017-11-06,59,0
2017-11-07,48,0
2017-11-08,49,0
2017-11-09,58,0
2017-11-10,72,1
2017-11-11,76,0
2017-11-12,125,1
2017-11-13,79,0
2017-11-14,61,0
2017-11-15,68,0
2017-11-16,70,0
2017-11-17,79,0
2017-11-18,89,0
2017-11-19,94,0
2017-11-20,151,0
2017-11-21,131,0
2017-11-22,157,1
2017-11-23,178,1
2017-11-24,118,0
2017-11-25,131,0
2017-11-26,116,0
2017-11-27,317,1
2017-11-28,267,0
2017-11-29,104,0
2017-11-30,108,0
2017-12-01,122,0
2017-12-02,139,1
2017-12-03,144,1
2017-12-04,71,0
2017-12-05,71,0
2017-12-06,72,0
2017-12-07,67,0
2017-12-08,262,0
2017-12-09,206,0
2017-12-10,153,0
2017-12-11,94,1
2017-12-12,77,0
2017-12-13,74,15
2017-12-14,70,13
2017-12-15,65,0
2017-12-16,99,0
2017-12-17,88,1
2017-12-18,94,0
2017-12-19,73,1
2017-12-20,81,0
2017-12-21,82,1
2017-12-22,91,0
2017-12-23,94,0
2017-12-24,78,0
2017-12-25,87,1
2017-12-26,110,0
2017-12-27,115,0
2017-12-28,90,0
2017-12-29,107,0
2017-12-30,125,0
2017-12-31,97,0
2018-01-01,103,0
2018-01-02,103,0
2018-01-03,97,0
2018-01-04,127,0
2018-01-05,102,0
2018-01-06,103,0
2018-01-07,90,0
2018-01-08,104,0
2018-01-09,74,0
2018-01-10,72,0
2018-01-11,68,0
2018-01-12,104,0
2018-01-13,114,0
2018-01-14,112,0
2018-01-15,103,1
2018-01-16,84,1
2018-01-17,97,2
2018-01-18,70,1
2018-01-19,74,2
2018-01-20,93,0
2018-01-21,92,0
2018-01-22,67,0
2018-01-23,71,0
2018-01-24,69,0
2018-01-25,135,0
2018-01-26,88,0
2018-01-27,160,1
2018-01-28,108,0
2018-01-29,71,1
2018-01-30,85,0
2018-01-31,79,0
2018-02-01,71,0
2018-02-02,64,0
2018-02-03,104,0
2018-02-04,96,0
2018-02-05,62,0
2018-02-06,65,0
2018-02-07,67,0
2018-02-08,66,0
2018-02-09,65,0
2018-02-10,105,0
2018-02-11,84,0
2018-02-12,62,0
2018-02-13,67,1
2018-02-14,78,0
2018-02-15,50,0
2018-02-16,55,0
2018-02-17,86,1
2018-02-18,67,0
2018-02-19,80,0
2018-02-20,73,0
2018-02-21,58,1
2018-02-22,63,0
2018-02-23,51,0
2018-02-24,73,0
2018-02-25,88,0
2018-02-26,63,0
2018-02-27,52,0
2018-02-28,51,0
2018-03-01,45,0
2018-03-02,75,0
2018-03-03,102,0
2018-03-04,78,0
2018-03-05,50,1
2018-03-06,37,0
2018-03-07,54,0
2018-03-08,57,0
2018-03-09,61,0
2018-03-10,83,0
2018-03-11,67,0
2018-03-12,59,0
2018-03-13,70,0
2018-03-14,57,1
2018-03-15,54,0
2018-03-16,74,0
2018-03-17,109,0
2018-03-18,74,0
2018-03-19,68,0
2018-03-20,61,0
2018-03-21,74,0
2018-03-22,60,0
2018-03-23,59,0
2018-03-24,77,0
2018-03-25,73,2
2018-03-26,67,0
2018-03-27,66,0
2018-03-28,42,0
2018-03-29,72,0
2018-03-30,89,0
2018-03-31,72,0
2018-04-01,71,0
2018-04-02,83,0
2018-04-03,60,0
2018-04-04,60,0
2018-04-05,70,1
2018-04-06,62,0
2018-04-07,80,0
2018-04-08,86,0
2018-04-09,63,1
2018-04-10,50,0
2018-04-11,145,0
2018-04-12,143,0
2018-04-13,74,0
2018-04-14,88,0
2018-04-15,89,0
2018-04-16,73,0
2018-04-17,49,0
2018-04-18,56,0
2018-04-19,61,1
2018-04-20,61,0
2018-04-21,88,0
2018-04-22,66,0
2018-04-23,65,0
2018-04-24,72,0
2018-04-25,50,0
2018-04-26,68,0
2018-04-27,68,0
2018-04-28,75,1
2018-04-29,86,0
2018-04-30,58,0
2018-05-01,73,0
2018-05-02,60,0
2018-05-03,63,1
2018-05-04,58,0
2018-05-05,74,0
2018-05-06,105,0
2018-05-07,77,0
2018-05-08,63,0
2018-05-09,48,0
2018-05-10,50,0
2018-05-11,63,0
2018-05-12,66,0
2018-05-13,101,1
2018-05-14,73,1
2018-05-15,55,0
2018-05-16,60,0
2018-05-17,39,0
2018-05-18,61,0
2018-05-19,80,0
2018-05-20,88,0
2018-05-21,71,1
2018-05-22,75,0
2018-05-23,57,1
2018-05-24,52,0
2018-05-25,50,0
2018-05-26,62,0
2018-05-27,94,0
2018-05-28,80,0
2018-05-29,69,0
2018-05-30,69,0
2018-05-31,60,0
2018-06-01,83,0
2018-06-02,60,1
2018-06-03,81,0
2018-06-04,68,1
2018-06-05,61,0
2018-06-06,55,0
2018-06-07,49,0
2018-06-08,54,0
2018-06-09,57,0
2018-06-10,84,0
2018-06-11,67,0
2018-06-12,75,0
2018-06-13,73,0
2018-06-14,59,0
2018-06-15,52,0
2018-06-16,65,0
2018-06-17,65,0
2018-06-18,70,0
2018-06-19,67,0
2018-06-20,67,0
2018-06-21,62,0
2018-06-22,73,0
2018-06-23,71,0
2018-06-24,70,0
2018-06-25,68,1
2018-06-26,62,0
2018-06-27,69,1
2018-06-28,60,0
2018-06-29,79,0
2018-06-30,69,0
2018-07-01,78,0
2018-07-02,76,0
2018-07-03,68,0
2018-07-04,65,0
2018-07-05,56,0
2018-07-06,68,0
2018-07-07,77,0
2018-07-08,76,0
2018-07-09,58,0
2018-07-10,66,1
2018-07-11,54,0
2018-07-12,65,0
2018-07-13,51,0
2018-07-14,64,0
2018-07-15,80,0
2018-07-16,87,0
2018-07-17,74,0
2018-07-18,61,0
2018-07-19,76,0
2018-07-20,62,0
2018-07-21,77,0
2018-07-22,74,0
2018-07-23,61,0
2018-07-24,67,0
2018-07-25,73,0
2018-07-26,75,0
2018-07-27,80,0
2018-07-28,74,0
2018-07-29,68,0
2018-07-30,62,0
2018-07-31,47,0
2018-08-01,60,0
2018-08-02,59,0
2018-08-03,60,0
2018-08-04,56,0
2018-08-05,78,0
2018-08-06,72,0
2018-08-07,75,0
2018-08-08,61,0
2018-08-09,49,0
2018-08-10,67,0
2018-08-11,57,1
2018-08-12,56,0
2018-08-13,58,0
2018-08-14,58,0
2018-08-15,54,0
2018-08-16,55,0
2018-08-17,66,0
2018-08-18,51,0
2018-08-19,80,0
2018-08-20,64,0
2018-08-21,32,0
2018-08-22,43,0
2018-08-23,64,0
2018-08-24,55,0
2018-08-25,47,0
2018-08-26,58,0
2018-08-27,37,0
2018-08-28,62,0
2018-08-29,52,0
2018-08-30,44,0
2018-08-31,70,0
2018-09-01,64,1
2018-09-02,55,0
2018-09-03,63,1
2018-09-04,45,0
2018-09-05,34,0
2018-09-06,42,0
2018-09-07,45,1
2018-09-08,58,0
2018-09-09,63,0
2018-09-10,45,0
2018-09-11,36,0
2018-09-12,33,0
2018-09-13,33,0
2018-09-14,39,0
2018-09-15,44,0
2018-09-16,66,0
2018-09-17,33,0
2018-09-18,35,0
2018-09-19,36,1
2018-09-20,41,0
2018-09-21,36,0
2018-09-22,61,1
2018-09-23,53,1
2018-09-24,34,0
2018-09-25,45,0
2018-09-26,36,0
2018-09-27,28,0
2018-09-28,38,0
2018-09-29,60,0
2018-09-30,55,1
2018-10-01,37,0
2018-10-02,45,1
2018-10-03,43,0
2018-10-04,52,0
2018-10-05,45,0
2018-10-06,351,0
2018-10-07,714,1
2018-10-08,81,0
2018-10-09,31,0
2018-10-10,50,0
2018-10-11,41,0
2018-10-12,40,1
2018-10-13,53,0
2018-10-14,54,0
2018-10-15,37,0
2018-10-16,25,0
2018-10-17,41,1
2018-10-18,37,0
2018-10-19,48,1
2018-10-20,39,0
2018-10-21,52,0
2018-10-22,44,0
2018-10-23,37,0
2018-10-24,25,0
2018-10-25,31,0
2018-10-26,32,0
2018-10-27,48,0
2018-10-28,41,0
2018-10-29,37,0
2018-10-30,33,0
2018-10-31,27,0
2018-11-01,21,1
2018-11-02,34,0
2018-11-03,51,0
2018-11-04,36,0
2018-11-05,20,0
2018-11-06,20,0
2018-11-07,31,0
2018-11-08,35,0
2018-11-09,42,0
2018-11-10,64,0
2018-11-11,37,0
2018-11-12,38,0
2018-11-13,24,0
2018-11-14,37,0
2018-11-15,23,0
2018-11-16,32,0
2018-11-17,40,0
2018-11-18,49,0
2018-11-19,37,0
2018-11-20,40,0
2018-11-21,40,0
2018-11-22,50,0
2018-11-23,44,0
2018-11-24,52,0
2018-11-25,51,0
2018-11-26,24,0
2018-11-27,34,1
2018-11-28,40,0
2018-11-29,30,0
2018-11-30,35,0
2018-12-01,50,0
2018-12-02,61,0
2018-12-03,35,0
2018-12-04,50,0
2018-12-05,45,0
2018-12-06,32,0
2018-12-07,42,1
2018-12-08,45,0
2018-12-09,36,0
2018-12-10,58,0
2018-12-11,33,1
2018-12-12,37,0
2018-12-13,20,0
2018-12-14,31,0
2018-12-15,44,0
2018-12-16,52,0
2018-12-17,40,1
2018-12-18,34,0
2018-12-19,35,0
2018-12-20,43,0
2018-12-21,43,0
2018-12-22,38,0
2018-12-23,50,0
2018-12-24,46,0
2018-12-25,39,0
2018-12-26,56,0
2018-12-27,48,0
2018-12-28,37,0
2018-12-29,54,0
2018-12-30,49,0
2018-12-31,45,1
2019-01-01,63,0
2019-01-02,51,0
2019-01-03,41,0
2019-01-04,54,0
2019-01-05,42,0
2019-01-06,46,0
2019-01-07,39,0
2019-01-08,38,0
2019-01-09,43,0
2019-01-10,34,0
2019-01-11,27,0
2019-01-12,57,0
2019-01-13,56,0
2019-01-14,26,0
2019-01-15,37,1
2019-01-16,31,0
2019-01-17,36,0
2019-01-18,52,0
2019-01-19,56,0
2019-01-20,54,0
2019-01-21,56,0
2019-01-22,44,0
2019-01-23,35,1
2019-01-24,37,0
2019-01-25,34,0
2019-01-26,53,0
2019-01-27,44,0
2019-01-28,23,0
2019-01-29,34,0
2019-01-30,44,0
2019-01-31,24,0
2019-02-01,52,0
2019-02-02,55,0
2019-02-03,53,0
2019-02-04,26,0
2019-02-05,29,0
2019-02-06,35,0
2019-02-07,26,0
2019-02-08,35,1
2019-02-09,58,1
2019-02-10,41,0
2019-02-11,36,0
2019-02-12,41,0
2019-02-13,35,0
2019-02-14,30,0
2019-02-15,34,0
2019-02-16,51,0
2019-02-17,46,0
2019-02-18,38,0
2019-02-19,43,1
2019-02-20,41,0
2019-02-21,34,0
2019-02-22,25,0
2019-02-23,62,0
2019-02-24,72,0
2019-02-25,59,0
2019-02-26,27,0
2019-02-27,29,0
2019-02-28,33,0
2019-03-01,39,0
2019-03-02,46,0
2019-03-03,55,0
2019-03-04,46,0
2019-03-05,35,0
2019-03-06,42,0
2019-03-07,22,0
2019-03-08,25,0
2019-03-09,58,0
2019-03-10,45,1
2019-03-11,42,0
2019-03-12,28,0
2019-03-13,37,0
2019-03-14,38,0
2019-03-15,37,0
2019-03-16,49,0
2019-03-17,41,0
2019-03-18,27,0
2019-03-19,44,0
2019-03-20,37,0
2019-03-21,35,0
2019-03-22,40,0
2019-03-23,36,0
2019-03-24,45,0
2019-03-25,26,0
2019-03-26,41,0
2019-03-27,31,0
2019-03-28,32,0
2019-03-29,40,0
2019-03-30,48,0
2019-03-31,42,0
2019-04-01,40,0
2019-04-02,29,0
2019-04-03,48,0
2019-04-04,38,1
2019-04-05,48,0
2019-04-06,48,0
2019-04-07,49,0
2019-04-08,30,0
2019-04-09,39,0
2019-04-10,40,0
2019-04-11,50,0
2019-04-12,37,0
2019-04-13,45,0
2019-04-14,40,0
2019-04-15,39,0
2019-04-16,31,0
2019-04-17,44,0
2019-04-18,45,0
2019-04-19,58,0
2019-04-20,46,0
2019-04-21,47,0
2019-04-22,41,1
2019-04-23,30,0
2019-04-24,29,1
2019-04-25,30,0
2019-04-26,38,0
2019-04-27,47,0
2019-04-28,40,0
2019-04-29,31,0
2019-04-30,26,0
2019-05-01,24,0
2019-05-02,30,0
2019-05-03,30,0
2019-05-04,46,0
2019-05-05,31,0
2019-05-06,28,0
2019-05-07,33,0
2019-05-08,32,0
2019-05-09,28,0
2019-05-10,41,0
2019-05-11,42,0
2019-05-12,38,0
2019-05-13,35,0
2019-05-14,31,0
2019-05-15,31,0
2019-05-16,20,0
2019-05-17,37,0
2019-05-18,35,0
2019-05-19,45,1
2019-05-20,31,0
2019-05-21,31,0
2019-05-22,43,0
2019-05-23,31,0
2019-05-24,38,0
2019-05-25,47,0
2019-05-26,47,0
2019-05-27,41,1
2019-05-28,50,0
2019-05-29,43,0
2019-05-30,34,0
2019-05-31,38,0
2019-06-01,43,0
2019-06-02,46,0
2019-06-03,34,1
2019-06-04,34,0
2019-06-05,36,0
2019-06-06,49,0
2019-06-07,21,0
2019-06-08,54,0
2019-06-09,35,0
2019-06-10,46,0
2019-06-11,36,0
2019-06-12,40,0
2019-06-13,24,0
2019-06-14,40,0
2019-06-15,39,0
2019-06-16,46,0
2019-06-17,42,0
2019-06-18,29,0
2019-06-19,46,0
2019-06-20,53,0
2019-06-21,42,0
2019-06-22,36,0
2019-06-23,39,0
2019-06-24,44,0
2019-06-25,36,0
2019-06-26,45,0
2019-06-27,49,0
2019-06-28,45,0
2019-06-29,46,0
2019-06-30,47,0
2019-07-01,38,0
2019-07-02,45,0
2019-07-03,27,0
2019-07-04,21,0
2019-07-05,50,0
2019-07-06,35,0
2019-07-07,49,0
2019-07-08,42,0
2019-07-09,47,0
2019-07-10,37,0
2019-07-11,43,0
2019-07-12,33,1
2019-07-13,51,0
2019-07-14,42,0
2019-07-15,46,0
2019-07-16,37,0
2019-07-17,38,0
2019-07-18,25,0
2019-07-19,37,0
2019-07-20,32,0
2019-07-21,31,0
2019-07-22,35,0
2019-07-23,39,0
2019-07-24,40,2
2019-07-25,41,0
2019-07-26,28,0
2019-07-27,41,0
2019-07-28,38,0
2019-07-29,31,0
2019-07-30,38,0
2019-07-31,36,0
2019-08-01,48,1
2019-08-02,41,0
2019-08-03,46,0
2019-08-04,68,0
2019-08-05,39,0
2019-08-06,30,0
2019-08-07,28,0
2019-08-08,36,1
2019-08-09,71,0
2019-08-10,50,0
2019-08-11,53,0
2019-08-12,36,0
2019-08-13,43,0
2019-08-14,35,0
2019-08-15,39,0
2019-08-16,39,1
2019-08-17,38,1
2019-08-18,43,1
2019-08-19,49,0
2019-08-20,30,0
2019-08-21,39,0
2019-08-22,26,0
2019-08-23,33,0
2019-08-24,31,0
2019-08-25,44,0
2019-08-26,37,0
2019-08-27,43,0
2019-08-28,37,0
2019-08-29,35,0
2019-08-30,55,0
2019-08-31,36,0
2019-09-01,48,0
2019-09-02,38,0
2019-09-03,27,0
2019-09-04,32,0
2019-09-05,25,0
2019-09-06,25,0
2019-09-07,38,0
2019-09-08,48,0
2019-09-09,33,0
2019-09-10,47,0
2019-09-11,30,0
2019-09-12,27,0
2019-09-13,20,0
2019-09-14,39,1
2019-09-15,41,0
2019-09-16,33,0
2019-09-17,23,0
2019-09-18,33,0
2019-09-19,29,0
2019-09-20,23,0
2019-09-21,40,0
2019-09-22,50,0
2019-09-23,29,0
2019-09-24,34,1
2019-09-25,24,0
2019-09-26,19,0
2019-09-27,25,0
2019-09-28,35,0
2019-09-29,44,0
2019-09-30,32,0
2019-10-01,23,0
2019-10-02,34,0
2019-10-03,17,0
2019-10-04,23,0
2019-10-05,33,0
2019-10-06,43,0
2019-10-07,24,0
2019-10-08,34,0
2019-10-09,35,0
2019-10-10,32,0
2019-10-11,32,0
2019-10-12,41,0
2019-10-13,49,0
2019-10-14,33,0
2019-10-15,28,0
2019-10-16,36,0
2019-10-17,19,0
2019-10-18,14,0
2019-10-19,39,0
2019-10-20,42,0
2019-10-21,34,0
2019-10-22,32,0
2019-10-23,27,0
2019-10-24,31,0
2019-10-25,31,0
2019-10-26,39,0
2019-10-27,47,0
2019-10-28,22,0
2019-10-29,27,0
2019-10-30,24,0
2019-10-31,38,0
2019-11-01,38,0
2019-11-02,36,0
2019-11-03,39,0
2019-11-04,27,0
2019-11-05,22,0
2019-11-06,22,0
2019-11-07,20,0
2019-11-08,20,0
2019-11-09,55,0
2019-11-10,45,0
2019-11-11,35,0
2019-11-12,25,0
2019-11-13,30,0
2019-11-14,18,0
2019-11-15,28,0
2019-11-16,40,0
2019-11-17,55,0
2019-11-18,40,0
2019-11-19,33,0
2019-11-20,38,0
2019-11-21,22,0
2019-11-22,36,0
2019-11-23,35,0
2019-11-24,43,0
2019-11-25,24,0
2019-11-26,20,0
2019-11-27,36,1
2019-11-28,30,0
2019-11-29,32,0
2019-11-30,35,0
2019-12-01,48,0
2019-12-02,22,0
2019-12-03,22,0
2019-12-04,31,0
2019-12-05,36,0
2019-12-06,19,0
2019-12-07,53,0
2019-12-08,41,0
2019-12-09,34,0
2019-12-10,16,0
2019-12-11,27,0
2019-12-12,27,0
2019-12-13,28,0
2019-12-14,45,1
2019-12-15,45,0
2019-12-16,29,0
2019-12-17,42,1
2019-12-18,22,0
2019-12-19,37,0
2019-12-20,31,0
2019-12-21,44,0
2019-12-22,41,0
2019-12-23,40,0
2019-12-24,28,0
2019-12-25,28,0
2019-12-26,44,0
2019-12-27,47,0
2019-12-28,43,0
2019-12-29,37,0
2019-12-30,41,0
2019-12-31,52,0
2020-01-01,51,0
2020-01-02,40,0
2020-01-03,50,0
2020-01-04,46,0
2020-01-05,54,0
2020-01-06,40,0
2020-01-07,37,0
2020-01-08,40,0
2020-01-09,28,0
2020-01-10,37,0
2020-01-11,45,0
2020-01-12,59,0
2020-01-13,37,0
2020-01-14,49,0
2020-01-15,44,0
2020-01-16,32,1
2020-01-17,43,0
2020-01-18,51,0
2020-01-19,53,1
2020-01-20,55,0
2020-01-21,35,0
2020-01-22,50,0
2020-01-23,45,0
2020-01-24,33,0
2020-01-25,59,0
2020-01-26,65,0
2020-01-27,33,0
2020-01-28,40,1
2020-01-29,40,0
2020-01-30,31,0
2020-01-31,42,0
2020-02-01,48,0
2020-02-02,53,1
2020-02-03,33,0
2020-02-04,38,0
2020-02-05,31,0
2020-02-06,35,1
2020-02-07,43,0
2020-02-08,44,0
2020-02-09,49,0
2020-02-10,37,0
2020-02-11,42,0
2020-02-12,36,0
2020-02-13,28,0
2020-02-14,39,0
2020-02-15,48,0
2020-02-16,76,0
2020-02-17,40,0
2020-02-18,34,0
2020-02-19,43,1
2020-02-20,53,0
2020-02-21,42,0
2020-02-22,37,0
2020-02-23,34,0
2020-02-24,31,0
2020-02-25,46,0
2020-02-26,28,0
2020-02-27,31,0
2020-02-28,45,0
2020-02-29,43,0
2020-03-01,36,0
2020-03-02,36,0
2020-03-03,35,0
2020-03-04,43,0
2020-03-05,33,1
2020-03-06,40,0
2020-03-07,46,0
2020-03-08,39,0
2020-03-09,33,0
2020-03-10,27,0
2020-03-11,40,0
2020-03-12,34,0
2020-03-13,44,0
2020-03-14,56,0
2020-03-15,69,1
2020-03-16,55,0
2020-03-17,61,0
2020-03-18,51,1
2020-03-19,46,0
2020-03-20,48,0
2020-03-21,56,1
2020-03-22,70,0
2020-03-23,53,0
2020-03-24,57,0
2020-03-25,56,1
2020-03-26,64,0
2020-03-27,51,0
2020-03-28,79,0
2020-03-29,61,0
2020-03-30,58,1
2020-03-31,56,0
2020-04-01,66,0
2020-04-02,45,2
2020-04-03,67,0
2020-04-04,66,0
2020-04-05,67,1
2020-04-06,54,0
2020-04-07,66,0
2020-04-08,55,0
2020-04-09,57,0
2020-04-10,62,0
2020-04-11,64,0
2020-04-12,60,0
2020-04-13,56,0
2020-04-14,54,0
2020-04-15,60,1
2020-04-16,53,0
2020-04-17,55,0
2020-04-18,50,0
2020-04-19,63,1
2020-04-20,83,0
2020-04-21,82,0
2020-04-22,54,0
2020-04-23,72,0
2020-04-24,51,0
2020-04-25,70,0
2020-04-26,65,0
2020-04-27,57,0
2020-04-28,60,0
2020-04-29,78,1
2020-04-30,60,0
2020-05-01,68,0
2020-05-02,69,0
2020-05-03,63,0
2020-05-04,55,0
2020-05-05,53,0
2020-05-06,62,0
2020-05-07,61,0
2020-05-08,61,0
2020-05-09,59,0
2020-05-10,55,0
2020-05-11,56,0
2020-05-12,56,0
2020-05-13,53,0
2020-05-14,60,0
2020-05-15,43,0
2020-05-16,49,0
2020-05-17,64,0
2020-05-18,50,0
2020-05-19,58,0
2020-05-20,57,0
2020-05-21,52,0
2020-05-22,37,0
2020-05-23,47,0
2020-05-24,40,1
2020-05-25,55,0
2020-05-26,64,0
2020-05-27,40,0
2020-05-28,72,0
2020-05-29,36,0
2020-05-30,26,0
2020-05-31,29,0
2020-06-01,36,0
2020-06-02,29,1
2020-06-03,25,0
2020-06-04,22,0
2020-06-05,20,0
2020-06-06,27,0
2020-06-07,32,0
2020-06-08,18,0
2020-06-09,21,0
2020-06-10,22,0
2020-06-11,33,0
2020-06-12,35,0
2020-06-13,31,0
2020-06-14,30,0
2020-06-15,38,0
2020-06-16,35,0
2020-06-17,32,0
2020-06-18,24,1
2020-06-19,16,0
2020-06-20,23,0
2020-06-21,43,0
2020-06-22,28,0
2020-06-23,33,0
2020-06-24,23,0
2020-06-25,29,0
2020-06-26,28,0
2020-06-27,40,0
2020-06-28,26,0
2020-06-29,28,0
2020-06-30,30,0
2020-07-01,35,1
2020-07-02,29,0
2020-07-03,23,0
2020-07-04,24,0
2020-07-05,29,0
2020-07-06,29,0
2020-07-07,29,0
2020-07-08,31,0
2020-07-09,36,0
2020-07-10,32,0
2020-07-11,31,0
2020-07-12,31,0
2020-07-13,27,0
2020-07-14,41,0
2020-07-15,39,0
2020-07-16,24,0
2020-07-17,33,0
2020-07-18,22,0
2020-07-19,30,0
2020-07-20,29,0
2020-07-21,28,0
2020-07-22,30,0
2020-07-23,29,0
2020-07-24,18,0
2020-07-25,25,1
2020-07-26,31,0
2020-07-27,25,0
2020-07-28,25,0
2020-07-29,18,0
2020-07-30,21,0
2020-07-31,19,0
2020-08-01,31,1
2020-08-02,24,0
2020-08-03,30,0
2020-08-04,33,0
2020-08-05,31,0
2020-08-06,26,0
2020-08-07,28,1
2020-08-08,27,0
2020-08-09,39,1
2020-08-10,31,0
2020-08-11,34,0
2020-08-12,23,0
2020-08-13,26,0
2020-08-14,31,0
2020-08-15,35,0
2020-08-16,29,0
2020-08-17,31,0
2020-08-18,27,0
2020-08-19,24,0
2020-08-20,42,0
2020-08-21,37,0
2020-08-22,42,1
2020-08-23,33,0
2020-08-24,36,0
2020-08-25,31,0
2020-08-26,36,0
2020-08-27,24,0
2020-08-28,23,1
2020-08-29,30,0
2020-08-30,31,0
2020-08-31,33,0
2020-09-01,22,1
2020-09-02,30,0
2020-09-03,36,0
2020-09-04,25,0
2020-09-05,32,0
2020-09-06,31,0
2020-09-07,24,0
2020-09-08,27,0
2020-09-09,23,1
2020-09-10,29,0
2020-09-11,22,0
2020-09-12,50,0
2020-09-13,27,0
2020-09-14,31,0
2020-09-15,26,0
2020-09-16,35,0
2020-09-17,30,0
2020-09-18,31,1
2020-09-19,32,0
2020-09-20,26,0
2020-09-21,30,0
2020-09-22,22,1
2020-09-23,19,0
2020-09-24,23,0
2020-09-25,41,0
2020-09-26,35,0
2020-09-27,34,0
2020-09-28,14,0
2020-09-29,30,0
2020-09-30,18,0
2020-10-01,20,0
2020-10-02,23,1
2020-10-03,36,0
2020-10-04,30,0
2020-10-05,19,0
2020-10-06,21,0
2020-10-07,17,0
2020-10-08,24,1
2020-10-09,35,0
2020-10-10,21,0
2020-10-11,27,0
2020-10-12,22,0
2020-10-13,17,1
2020-10-14,27,0
2020-10-15,28,0
2020-10-16,28,0
2020-10-17,31,0
2020-10-18,33,0
2020-10-19,28,0
2020-10-20,16,0
2020-10-21,27,0
2020-10-22,15,1
2020-10-23,26,0
2020-10-24,18,0
2020-10-25,26,0
2020-10-26,23,0
2020-10-27,23,0
2020-10-28,23,0
2020-10-29,20,0
2020-10-30,23,0
2020-10-31,40,0
2020-11-01,28,0
2020-11-02,19,0
2020-11-03,20,0
2020-11-04,29,0
2020-11-05,16,0
2020-11-06,26,0
2020-11-07,26,0
2020-11-08,33,0
2020-11-09,34,0
2020-11-10,29,0
2020-11-11,21,0
2020-11-12,15,0
2020-11-13,24,0
2020-11-14,28,0
2020-11-15,33,0
2020-11-16,27,0
2020-11-17,31,0
2020-11-18,28,0
2020-11-19,28,0
2020-11-20,29,0
2020-11-21,25,0
2020-11-22,15,0
2020-11-23,21,0
2020-11-24,27,0
2020-11-25,27,0
2020-11-26,33,1
2020-11-27,24,1
2020-11-28,18,0
2020-11-29,30,0
2020-11-30,31,0
2020-12-01,28,0
2020-12-02,23,0
2020-12-03,31,0
2020-12-04,20,0
2020-12-05,26,0
2020-12-06,28,0
2020-12-07,17,0
2020-12-08,20,0
2020-12-09,19,0
2020-12-10,21,0
2020-12-11,24,0
2020-12-12,27,0
2020-12-13,23,0
2020-12-14,19,0
2020-12-15,10,0
2020-12-16,17,0
2020-12-17,18,0
2020-12-18,23,0
2020-12-19,27,1
2020-12-20,34,0
2020-12-21,26,0
2020-12-22,34,0
2020-12-23,35,0
2020-12-24,29,0
2020-12-25,26,0
2020-12-26,38,0
2020-12-27,48,0
2020-12-28,54,1
2020-12-29,27,0
2020-12-30,35,0
2020-12-31,36,0
2021-01-01,41,0
2021-01-02,32,0
2021-01-03,32,0
2021-01-04,31,0
2021-01-05,41,1
2021-01-06,25,0
2021-01-07,36,0
2021-01-08,36,0
2021-01-09,21,0
2021-01-10,35,0
2021-01-11,25,0
2021-01-12,29,0
2021-01-13,30,0
2021-01-14,37,0
2021-01-15,27,0
2021-01-16,28,0
2021-01-17,32,0
2021-01-18,21,0
2021-01-19,34,0
2021-01-20,24,0
2021-01-21,20,0
2021-01-22,26,0
2021-01-23,25,0
2021-01-24,30,0
2021-01-25,26,0
2021-01-26,23,0
2021-01-27,24,0
2021-01-28,25,0
2021-01-29,36,0
2021-01-30,25,0
2021-01-31,39,0
2021-02-01,26,0
2021-02-02,15,0
2021-02-03,34,0
2021-02-04,36,0
2021-02-05,24,0
2021-02-06,34,0
2021-02-07,29,0
2021-02-08,28,1
2021-02-09,25,0
2021-02-10,22,0
2021-02-11,24,0
2021-02-12,30,0
2021-02-13,21,0
2021-02-14,33,0
2021-02-15,32,0
2021-02-16,24,0
2021-02-17,25,0
2021-02-18,26,0
2021-02-19,28,0
2021-02-20,23,0
2021-02-21,27,0
2021-02-22,29,0
2021-02-23,21,0
2021-02-24,17,0
2021-02-25,27,0
2021-02-26,19,0
2021-02-27,21,0
2021-02-28,23,0
2021-03-01,22,0
2021-03-02,20,0
2021-03-03,26,0
2021-03-04,13,0
2021-03-05,26,0
2021-03-06,27,0
2021-03-07,23,0
2021-03-08,22,0
2021-03-09,16,0
2021-03-10,20,0
2021-03-11,24,0
2021-03-12,20,0
2021-03-13,22,0
2021-03-14,25,0
2021-03-15,24,0
2021-03-16,19,0
2021-03-17,11,0
2021-03-18,18,0
2021-03-19,24,0
2021-03-20,22,0
2021-03-21,21,0
2021-03-22,32,0
2021-03-23,29,0
2021-03-24,32,0
2021-03-25,28,0
2021-03-26,22,0
2021-03-27,26,0
2021-03-28,28,0
2021-03-29,27,0
2021-03-30,23,0
2021-03-31,21,0
2021-04-01,21,0
2021-04-02,26,0
2021-04-03,44,0
2021-04-04,17,0
2021-04-05,32,0
2021-04-06,24,0
2021-04-07,21,0
2021-04-08,18,0
2021-04-09,25,0
2021-04-10,29,0
2021-04-11,33,0
2021-04-12,21,0
2021-04-13,22,0
2021-04-14,29,0
2021-04-15,27,0
2021-04-16,25,0
2021-04-17,30,0
2021-04-18,33,0
2021-04-19,33,0
2021-04-20,16,0
2021-04-21,19,0
2021-04-22,23,0
2021-04-23,23,0
2021-04-24,24,0
2021-04-25,38,0
2021-04-26,16,0
2021-04-27,19,0
2021-04-28,20,0
2021-04-29,22,0
2021-04-30,12,0
2021-05-01,22,0
2021-05-02,26,0
2021-05-03,23,0
2021-05-04,12,0
2021-05-05,19,0
2021-05-06,14,0
2021-05-07,14,0
2021-05-08,24,0
2021-05-09,16,0
2021-05-10,14,0
2021-05-11,27,0
2021-05-12,13,0
2021-05-13,17,0
2021-05-14,13,0
2021-05-15,13,0
2021-05-16,16,0
2021-05-17,14,0
2021-05-18,13,0
2021-05-19,22,0
2021-05-20,17,0
2021-05-21,9,0
2021-05-22,23,0
2021-05-23,20,0
2021-05-24,25,0
2021-05-25,16,0
2021-05-26,11,0
2021-05-27,14,0
2021-05-28,30,0
2021-05-29,19,0
2021-05-30,19,0
2021-05-31,21,0
2021-06-01,24,0
2021-06-02,21,0
2021-06-03,27,0
2021-06-04,16,0
2021-06-05,24,0
2021-06-06,23,0
2021-06-07,11,0
2021-06-08,18,0
2021-06-09,18,0
2021-06-10,14,0
2021-06-11,26,0
2021-06-12,13,0
2021-06-13,18,0
2021-06-14,24,0
2021-06-15,20,0
2021-06-16,27,0
2021-06-17,18,0
2021-06-18,24,0
2021-06-19,14,0
2021-06-20,28,0
2021-06-21,17,0
2021-06-22,16,0
2021-06-23,36,0
2021-06-24,19,0
2021-06-25,17,0
2021-06-26,16,0
2021-06-27,16,0
2021-06-28,20,0
2021-06-29,14,0
2021-06-30,30,0
2021-07-01,33,0
2021-07-02,24,0
2021-07-03,24,0
2021-07-04,19,0
2021-07-05,27,0
2021-07-06,17,0
2021-07-07,37,0
2021-07-08,27,0
2021-07-09,23,0
2021-07-10,19,1
2021-07-11,28,0
2021-07-12,25,0
2021-07-13,44,0
2021-07-14,44,0
2021-07-15,23,0
2021-07-16,16,0
2021-07-17,28,0
2021-07-18,30,0
2021-07-19,33,1
2021-07-20,14,0
2021-07-21,19,0
2021-07-22,12,0
2021-07-23,15,0
2021-07-24,22,1
2021-07-25,12,0
2021-07-26,22,0
2021-07-27,21,0
2021-07-28,11,0
2021-07-29,21,0
2021-07-30,15,0
2021-07-31,27,0
2021-08-01,18,0
2021-08-02,19,0
2021-08-03,19,0
2021-08-04,14,0
2021-08-05,17,0
2021-08-06,15,0
2021-08-07,23,0
2021-08-08,17,0
2021-08-09,20,0
2021-08-10,10,0
2021-08-11,20,0
2021-08-12,13,0
2021-08-13,15,0
2021-08-14,25,0
2021-08-15,17,0
2021-08-16,23,0
2021-08-17,20,0
2021-08-18,12,0
2021-08-19,17,0
2021-08-20,14,0
2021-08-21,16,0
2021-08-22,15,0
2021-08-23,10,0
2021-08-24,19,0
2021-08-25,13,0
2021-08-26,23,0
2021-08-27,17,0
2021-08-28,16,0
2021-08-29,17,0
2021-08-30,23,0
2021-08-31,16,0
2021-09-01,29,0
2021-09-02,19,1
2021-09-03,26,0
2021-09-04,17,0
2021-09-05,21,0
2021-09-06,32,0
2021-09-07,24,0
2021-09-08,20,0
2021-09-09,14,0
2021-09-10,23,0
2021-09-11,30,0
2021-09-12,30,0
2021-09-13,25,0
2021-09-14,21,0
2021-09-15,22,0
2021-09-16,25,0
2021-09-17,21,0
2021-09-18,35,0
2021-09-19,30,0
2021-09-20,24,1
2021-09-21,23,0
2021-09-22,21,1
2021-09-23,19,0
2021-09-24,22,1
2021-09-25,22,0
2021-09-26,38,0
2021-09-27,15,0
2021-09-28,29,0
2021-09-29,20,0
2021-09-30,22,0
2021-10-01,22,0
2021-10-02,27,0
2021-10-03,37,0
2021-10-04,28,0
2021-10-05,34,0
2021-10-06,28,0
2021-10-07,12,0
2021-10-08,21,0
2021-10-09,19,0
2021-10-10,21,0
2021-10-11,16,0
2021-10-12,21,0
2021-10-13,20,0
2021-10-14,20,0
2021-10-15,18,0
2021-10-16,20,2
2021-10-17,20,0
2021-10-18,23,0
2021-10-19,17,0
2021-10-20,18,0
2021-10-21,18,0
2021-10-22,11,0
2021-10-23,20,0
2021-10-24,14,0
2021-10-25,17,0
2021-10-26,21,0
2021-10-27,26,0
2021-10-28,19,0
2021-10-29,27,0
2021-10-30,27,0
2021-10-31,18,0
2021-11-01,18,0
2021-11-02,24,0
2021-11-03,16,0
2021-11-04,26,0
2021-11-05,19,0
2021-11-06,23,0
2021-11-07,14,0
2021-11-08,22,0
2021-11-09,18,0
2021-11-10,33,0
2021-11-11,19,0
2021-11-12,22,0
2021-11-13,26,0
2021-11-14,22,1
2021-11-15,26,1
2021-11-16,22,0
2021-11-17,32,0
2021-11-18,25,0
2021-11-19,30,0
2021-11-20,17,0
2021-11-21,34,0
2021-11-22,25,0
2021-11-23,35,0
2021-11-24,25,0
2021-11-25,20,0
2021-11-26,27,0
2021-11-27,37,0
2021-11-28,26,0
2021-11-29,24,0
2021-11-30,26,0
2021-12-01,29,0
2021-12-02,22,0
2021-12-03,28,0
2021-12-04,33,0
2021-12-05,25,0
2021-12-06,17,1
2021-12-07,20,0
2021-12-08,18,0
2021-12-09,18,0
2021-12-10,21,0
2021-12-11,25,0
2021-12-12,35,0
2021-12-13,14,0
2021-12-14,19,0
2021-12-15,11,0
2021-12-16,18,0
2021-12-17,38,0
2021-12-18,19,0
2021-12-19,23,0
2021-12-20,22,0
2021-12-21,19,0
2021-12-22,32,0
2021-12-23,16,0
2021-12-24,19,0
2021-12-25,24,0
2021-12-26,27,0
2021-12-27,30,0
2021-12-28,35,0
2021-12-29,22,0
2021-12-30,26,0
2021-12-31,23,0
2022-01-01,29,0
2022-01-02,27,0
2022-01-03,26,0
2022-01-04,23,1
2022-01-05,22,0
2022-01-06,19,0
2022-01-07,19,0
2022-01-08,30,0
2022-01-09,32,0
2022-01-10,17,0
2022-01-11,21,0
2022-01-12,26,0
2022-01-13,23,0
2022-01-14,29,0
2022-01-15,24,0
2022-01-16,31,0
2022-01-17,36,0
2022-01-18,36,0
2022-01-19,36,0
2022-01-20,17,0
2022-01-21,30,0
2022-01-22,22,0
2022-01-23,22,0
2022-01-24,35,0
2022-01-25,35,0
2022-01-26,19,0
2022-01-27,25,1
2022-01-28,40,0
2022-01-29,36,0
2022-01-30,33,0
2022-01-31,40,1
2022-02-01,21,0
2022-02-02,25,0
2022-02-03,23,0
2022-02-04,26,0
2022-02-05,33,0
2022-02-06,25,0
2022-02-07,24,0
2022-02-08,13,0
2022-02-09,26,0
2022-02-10,26,0
2022-02-11,32,0
2022-02-12,35,0
2022-02-13,37,0
2022-02-14,24,0
2022-02-15,24,0
2022-02-16,34,0
2022-02-17,27,0
2022-02-18,25,0
2022-02-19,26,0
2022-02-20,36,0
2022-02-21,29,1
2022-02-22,24,0
2022-02-23,26,0
2022-02-24,25,0
2022-02-25,15,0
2022-02-26,35,0
2022-02-27,25,0
2022-02-28,21,0
2022-03-01,15,0
2022-03-02,24,0
2022-03-03,24,0
2022-03-04,24,0
2022-03-05,20,0
2022-03-06,20,0
2022-03-07,21,0
2022-03-08,21,0
2022-03-09,15,0
2022-03-10,17,0
2022-03-11,21,1
2022-03-12,31,0
2022-03-13,21,0
2022-03-14,21,0
2022-03-15,17,0
2022-03-16,18,0
2022-03-17,17,0
2022-03-18,18,0
2022-03-19,35,0
2022-03-20,19,0
2022-03-21,21,0
2022-03-22,29,1
2022-03-23,24,0
2022-03-24,20,0
2022-03-25,22,0
2022-03-26,21,0
2022-03-27,32,0
2022-03-28,20,0
2022-03-29,21,0
2022-03-30,13,0
2022-03-31,15,0
2022-04-01,14,0
2022-04-02,22,0
2022-04-03,18,0
2022-04-04,20,0
2022-04-05,16,0
2022-04-06,12,0
2022-04-07,14,0
2022-04-08,15,0
2022-04-09,32,0
2022-04-10,22,0
2022-04-11,24,0
2022-04-12,16,0
2022-04-13,24,0
2022-04-14,25,0
2022-04-15,35,0
2022-04-16,23,0
2022-04-17,27,0
2022-04-18,32,0
2022-04-19,15,0
2022-04-20,27,0
2022-04-21,26,0
2022-04-22,16,0
2022-04-23,30,0
2022-04-24,30,0
2022-04-25,15,0
2022-04-26,20,0
2022-04-27,23,0
2022-04-28,19,0
2022-04-29,16,0
2022-04-30,32,0
2022-05-01,22,0
2022-05-02,23,0
2022-05-03,25,0
2022-05-04,24,0
2022-05-05,16,0
2022-05-06,23,0
2022-05-07,42,0
2022-05-08,20,0
2022-05-09,24,0
2022-05-10,24,0
2022-05-11,21,0
2022-05-12,17,0
2022-05-13,22,0
2022-05-14,36,0
2022-05-15,17,0
2022-05-16,18,1
2022-05-17,17,0
2022-05-18,20,0
2022-05-19,29,0
2022-05-20,25,0
2022-05-21,37,0
2022-05-22,29,0
2022-05-23,29,0
2022-05-24,25,0
2022-05-25,27,0
2022-05-26,16,0
2022-05-27,32,0
2022-05-28,25,0
2022-05-29,22,0
2022-05-30,33,0
2022-05-31,20,0
2022-06-01,23,0
2022-06-02,13,0
2022-06-03,20,0
2022-06-04,38,1
2022-06-05,25,0
2022-06-06,22,0
2022-06-07,17,0
2022-06-08,27,0
2022-06-09,25,0
2022-06-10,29,0
2022-06-11,19,0
2022-06-12,19,0
2022-06-13,13,0
2022-06-14,26,0
2022-06-15,27,0
2022-06-16,27,0
2022-06-17,24,0
2022-06-18,26,0
2022-06-19,30,0
2022-06-20,28,0
2022-06-21,22,0
2022-06-22,28,0
2022-06-23,17,0
2022-06-24,26,0
2022-06-25,17,0
2022-06-26,27,0
2022-06-27,19,1
2022-06-28,17,0
2022-06-29,19,0
2022-06-30,24,0
2022-07-01,24,0
2022-07-02,19,0
2022-07-03,18,0
2022-07-04,16,0
2022-07-05,22,0
2022-07-06,22,0
2022-07-07,18,0
2022-07-08,25,1
2022-07-09,20,0
2022-07-10,24,0
2022-07-11,19,0
2022-07-12,26,0
2022-07-13,29,2
2022-07-14,19,0
2022-07-15,18,0
2022-07-16,26,0
2022-07-17,24,0
2022-07-18,16,0
2022-07-19,18,0
2022-07-20,17,0
2022-07-21,26,0
2022-07-22,32,0
2022-07-23,24,0
2022-07-24,26,0
2022-07-25,18,0
2022-07-26,22,0
2022-07-27,7,0
2022-07-28,18,0
2022-07-29,21,0
2022-07-30,15,0
2022-07-31,27,0
2022-08-01,14,0
2022-08-02,25,0
2022-08-03,19,0
2022-08-04,20,0
2022-08-05,19,0
2022-08-06,16,0
2022-08-07,19,0
2022-08-08,17,0
2022-08-09,21,0
2022-08-10,15,0
2022-08-11,19,0
2022-08-12,18,0
2022-08-13,21,0
2022-08-14,31,0
2022-08-15,26,0
2022-08-16,16,0
2022-08-17,24,0
2022-08-18,15,0
2022-08-19,7,0
2022-08-20,14,0
2022-08-21,26,0
2022-08-22,12,0
2022-08-23,25,0
2022-08-24,17,1
2022-08-25,19,0
2022-08-26,9,0
2022-08-27,25,1
2022-08-28,18,0
2022-08-29,13,0
2022-08-30,20,0
2022-08-31,14,0
2022-09-01,10,0
2022-09-02,9,0
2022-09-03,9,0
2022-09-04,16,0
2022-09-05,13,0
2022-09-06,12,0
2022-09-07,19,0
2022-09-08,13,0
2022-09-09,15,0
2022-09-10,13,0
2022-09-11,20,0
2022-09-12,21,0
2022-09-13,13,0
2022-09-14,13,0
2022-09-15,12203,14
2022-09-16,4177,5
2022-09-17,5156,4
2022-09-18,6459,10
2022-09-19,378,0
2022-09-20,2341,3
2022-09-21,1394,4
2022-09-22,487,0
2022-09-23,410,0
2022-09-24,320,0
2022-09-25,116,0
2022-09-26,40,0
2022-09-27,22,1
2022-09-28,4640,5
2022-09-29,4871,9
2022-09-30,317,0
2022-10-01,183,1
2022-10-02,690,1
2022-10-03,2000,3
2022-10-04,30,0
2022-10-05,47,0
2022-10-06,38,0
2022-10-07,21,0
2022-10-08,40,0
2022-10-09,36,0
2022-10-10,19,0
2022-10-11,17,0
2022-10-12,12,0
2022-10-13,399,0
2022-10-14,872,0
2022-10-15,736,1
2022-10-16,55,0
2022-10-17,16,0
2022-10-18,22,0
2022-10-19,18,0
2022-10-20,21,0
2022-10-21,15,0
2022-10-22,21,0
2022-10-23,20,0
2022-10-24,19,1
2022-10-25,21,0
2022-10-26,16,0
2022-10-27,16,0
2022-10-28,18,0
2022-10-29,45,0
2022-10-30,31,0
2022-10-31,21,0
2022-11-01,21,0
2022-11-02,21,0
2022-11-03,14,0
2022-11-04,22,0
2022-11-05,14,0
2022-11-06,18,0
2022-11-07,18,0
2022-11-08,10308,13
2022-11-09,3363,3
2022-11-10,4225,16
2022-11-11,8302,15
2022-11-12,233,0
2022-11-13,1038,2
2022-11-14,2381,4
2022-11-15,922,1
2022-11-16,8985,10
2022-11-17,11566,18
2022-11-18,8557,15
2022-11-19,5012,5
2022-11-20,1744,3
2022-11-21,8336,15
2022-11-22,3023,11
2022-11-23,926,1
2022-11-24,3905,13
2022-11-25,4380,10
2022-11-26,2622,4
2022-11-27,4807,8
2022-11-28,2110,6
2022-11-29,1019,2
2022-11-30,3000,2
2022-12-01,3182,5
2022-12-02,7244,18
2022-12-03,1590,2
2022-12-04,1028,0
2022-12-05,841,2
2022-12-06,1749,8
2022-12-07,437,0
2022-12-08,569,0
2022-12-09,337,0
2022-12-10,175,2
2022-12-11,105,0
2022-12-12,119,1
2022-12-13,138,1
2022-12-14,177,1
2022-12-15,145,0
2022-12-16,118,0
2022-12-17,128,0
2022-12-18,128,0
2022-12-19,120,0
2022-12-20,181,2
2022-12-21,174,1
2022-12-22,291,1
2022-12-23,177,0
2022-12-24,201,1
2022-12-25,221,1
2022-12-26,222,3
2022-12-27,275,3
2022-12-28,247,0
2022-12-29,185,0
2022-12-30,121,0
2022-12-31,190,0
2023-01-01,212,0
2023-01-02,207,1
2023-01-03,89,0
2023-01-04,140,0
2023-01-05,164,0
2023-01-06,147,1
2023-01-07,136,0
2023-01-08,131,0
2023-01-09,90,0
2023-01-10,84,0
2023-01-11,173,0
2023-01-12,198,0
2023-01-13,315,2
2023-01-14,260,0
2023-01-15,238,0
2023-01-16,113,0
2023-01-17,76,1
2023-01-18,98,0
2023-01-19,94,1
2023-01-20,173,1
2023-01-21,157,0
2023-01-22,202,1
2023-01-23,113,1
2023-01-24,128,0
2023-01-25,157,1
2023-01-26,124,0
2023-01-27,151,0
2023-01-28,3629,8
2023-01-29,945,3
2023-01-30,132,2
2023-01-31,93,0
2023-02-01,168,0
2023-02-02,46,0
2023-02-03,41,0
2023-02-04,47,1
2023-02-05,58,0
2023-02-06,49,0
2023-02-07,60,0
2023-02-08,608,0
2023-02-09,2149,1
2023-02-10,523,1
2023-02-11,101,0
2023-02-12,94,0
2023-02-13,72,0
2023-02-14,98,0
2023-02-15,47,0
2023-02-16,137,0
2023-02-17,69,0
2023-02-18,76,1
2023-02-19,50,0
2023-02-20,63,0
2023-02-21,42,0
2023-02-22,34,0
2023-02-23,38,0
2023-02-24,55,0
2023-02-25,59,0
2023-02-26,41,0
2023-02-27,40,0
2023-02-28,26,0
2023-03-01,25,0
2023-03-02,33,0
2023-03-03,34,0
2023-03-04,31,0
2023-03-05,34,0
2023-03-06,25,0
2023-03-07,24,0
2023-03-08,42,0
2023-03-09,22,0
2023-03-10,27,0
2023-03-11,34,0
2023-03-12,24,0
2023-03-13,22,0
2023-03-14,25,0
2023-03-15,23,0
2023-03-16,16,0
2023-03-17,27,0
2023-03-18,31,0
2023-03-19,31,0
2023-03-20,31,0
2023-03-21,25,0
2023-03-22,39,0
2023-03-23,18,0
2023-03-24,28,1
2023-03-25,30,1
2023-03-26,34,0
2023-03-27,17,0
2023-03-28,372,3
2023-03-29,448,0
2023-03-30,38,1
2023-03-31,29,0
2023-04-01,27,0
2023-04-02,29,0
2023-04-03,30,0
2023-04-04,20,0
2023-04-05,16,0
2023-04-06,23,0
2023-04-07,18,0
2023-04-08,28,0
2023-04-09,18,0
2023-04-10,22,0
2023-04-11,17,0
2023-04-12,16,0
2023-04-13,14,0
2023-04-14,19,0
2023-04-15,27,0
2023-04-16,24,0
2023-04-17,21,0
2023-04-18,10,0
2023-04-19,21,2
2023-04-20,25,0
2023-04-21,22,0
2023-04-22,29,0
2023-04-23,18,0
2023-04-24,28,0
2023-04-25,21,0
2023-04-26,26,0
2023-04-27,18,0
2023-04-28,15,0
2023-04-29,17,1
2023-04-30,27,0
2023-05-01,19,1
2023-05-02,16,0
2023-05-03,8,0
2023-05-04,18,0
2023-05-05,13,0
2023-05-06,21,0
